abc,def,ghi,PH,jkl,mnf,opq,test
sjflkdjs,2021.10.25 14:11,2021.12.12 13:13,sjflkdjs,jsdklfKR,jsdklfKR,jsdklfKR,1151:2
sldkjfslk,2021.11.20 12:12,2021.12.13 15:55,sldkjfslk,sdjfjsKRdsf,sdjfjsKRdsf,sdjfjsKRdsf,555:43
Mdfjslkdjf,2022.5.29 9:13,2022.11.16 16:48,Mdfjslkdjf,dklsjf-AR-dsfdf,dklsjf-AR-dsfdf,dklsjf-AR-dsfdf,4111:35
sfhgf,2021.12.1 14:32,2021.12.20 22:12,Esdgbf,djKRsd,djKRsd,djKRsd,463:40
sldkjfslk,2023.11.24 14:32,2023.12.11 12:23,sldkjfslk,jsdklfKR,jsdklfKR,jsdklfKR,405:51
dseion,2021.10.25 14:11,2021.12.12 13:42,dseion,sdjfjsKRdsf,sdjfjsKRdsf,sdjfjsKRdsf,1151:31
Mdfjslkdjf,2021.11.27 14:10,2021.11.29 10:11,Mdfjslkdjf,djklsji,djklsji,djklsji,44:1
sjflkdjs,2021.11.30 14:32,2021.12.17 15:29,sjflkdjs,djKRsd,djKRsd,djKRsd,408:57
dseion,2021.4.2 9:32,2021.12.19 16:01,dseion,jsdklfKR,jsdklfKR,jsdklfKR,6270:29
seinb,2021.11.24 14:32,2021.12.11 23:04,seinb,sdjfjsKRdsf,sdjfjsKRdsf,sdjfjsKRdsf,416:32
Mdfjslkdjf,2021.3.25 14:11,2021.4.12 13:10,Mdfjslkdjf,dlkjfskljd,dlkjfskljd,dlkjfskljd,430:59
sldkjfslk,2022.5.29 9:13,2022.11.16 16:48,sldkjfslk,djKRsd,djKRsd,djKRsd,4111:35
Edkjsfl,2021.12.1 14:32,2021.12.20 22:12,seinb,jsdklfKR,jsdklfKR,jsdklfKR,463:40
sjflkdjs,2021.4.2 9:32,2021.12.19 16:10,Mdfjslkdjf,sdjfjsKRdsf,sdjfjsKRdsf,sdjfjsKRdsf,6270:38
,,,,,,,1874:35
